1,Biologist
2,Doctor
3,Call Center Representative
4,Executive Director
5,Laboratory Technician
6,Cashier
7,Global Logistics Supervisor
8,Investment  Advisor
9,HR Coordinator
10,HR Specialist
11,Investment  Advisor
12,Baker
13,Baker
14,Cashier
15,CNC Operator
16,Software Engineer
17,Call Center Representative
18,Auditor
19,Accountant
20,Auditor
21,Loan Officer
22,Bellman
23,Cashier
24,Baker
25,HR Coordinator
26,Operator
27,Service Supervisor
28,Lecturer
29,IT Support Staff
30,Staffing Consultant
31,Paramedic
32,Associate Professor
33,HR Coordinator
34,HR Coordinator
35,Restaurant Manager
36,Webmaster
37,Global Logistics Supervisor
38,Bellman
39,Design Engineer
40,Cashier
41,Global Logistics Supervisor
42,Steward
43,Fabricator
44,Inspector
45,Pharmacist
46,Loan Officer
47,Staffing Consultant
48,Chef Manager
49,Biologist
50,Food Technologist
51,Biologist
52,Global Logistics Supervisor
53,Laboratory Technician
54,Design Engineer
55,Fabricator
56,Lecturer
57,Loan Officer
58,Investment  Advisor
59,Treasurer
60,Cash Manager
61,Audiologist
62,Fabricator
63,Systems Administrator
64,Health Educator
65,Fabricator
66,HR Specialist
67,Physician
68,Staffing Consultant
69,Fabricator
70,Physician
71,Auditor
72,Biologist
73,Budget Analyst
74,Bellman
75,Restaurant Manager
76,Stockbroker
77,Paramedic
78,Front Desk Coordinator
79,Cashier
80,CNC Operator
81,Design Engineer
82,Audiologist
83,CNC Operator
84,IT Support Staff
85,Paramedic
86,Fabricator
87,Laboratory Technician
88,Mobile Developer
89,Global Logistics Supervisor
90,Budget Analyst
91,Lecturer
92,Physician
93,Retail Trainee
94,Pharmacist
95,Service Supervisor
96,Production Painter
97,Cash Manager
98,Global Logistics Supervisor
99,Treasurer
100,Pharmacist
